{
  "business": {
    "firm": 0.3008261955203651,
    "bank": 0.26751818490824486,
    "compani": 0.26191001038677303
  },
  "entertainment": {
    "film": 0.7194241701450167,
    "star": 0.39396079323022454,
    "award": 0.39317143948747996
  },
  "politics": {
    "labour": 0.4567223824204719,
    "elect": 0.43448728678902737,
    "mr": 0.42492065049653804
  },
  "sport": {
    "game": 0.3541562034993347,
    "england": 0.3133166953690412,
    "win": 0.30306092923403677
  },
  "tech": {
    "mobil": 0.3494922062358214,
    "phone": 0.32999603143748346,
    "softwar": 0.3190357174296957
  }
}